model,MAE,RMSE,R²
LinearRegression,196.29980538720437,308.00595705789567,0.8070864634803213
RandomForest,158.51510131271667,256.9181594140095,0.8657747954701678
