model,MAE,RMSE,R²
LinearRegression,193.1122009676704,306.91502190330755,0.8084506153326569
RandomForest,160.62355478288634,260.61421206337593,0.8618850593540779
